<?xml version="1.0"?>
<Workbook xmlns="urn:schemas-microsoft-com:office:spreadsheet"
	xmlns:o="urn:schemas-microsoft-com:office:office"
	xmlns:x="urn:schemas-microsoft-com:office:excel"
	xmlns:ss="urn:schemas-microsoft-com:office:spreadsheet"
	xmlns:html="http://www.w3.org/TR/REC-html40">

	<DocumentProperties xmlns="urn:schemas-microsoft-com:office:office">
		<Title></Title>
		<Subject></Subject>
		<Author></Author>
		<Keywords></Keywords>
		<Description></Description>
		<LastAuthor></LastAuthor>
		<Category></Category>
		<Manager></Manager>
		<Created><!--#4deval String:C10(Current date:C33;9;Current time:C178)--></Created>
		<LastSaved><!--#4deval String:C10(Current date:C33;9;Current time:C178)--></LastSaved>
		<Company></Company>
		<Version></Version>
	</DocumentProperties>
 
	<OfficeDocumentSettings xmlns="urn:schemas-microsoft-com:office:office">
		<AllowPNG/>
	</OfficeDocumentSettings>

	<ExcelWorkbook xmlns="urn:schemas-microsoft-com:office:excel">
		<WindowHeight><!--#4deval $1--></WindowHeight>
		<WindowWidth><!--#4deval $2--></WindowWidth>
		<WindowTopX><!--#4deval $3--></WindowTopX>
		<WindowTopY><!--#4deval $4--></WindowTopY>
		<ProtectStructure>False</ProtectStructure>
		<ProtectWindows>False</ProtectWindows>
	</ExcelWorkbook>

	<Styles>
	
		<Style ss:ID="Default" ss:Name="Normal">
			<Alignment ss:Vertical="Bottom"/>
			<Borders/>
			<Font 
				ss:FontName="メイリオ"
				x:CharSet="128" 
				x:Family="Swiss" 
				ss:Size="12"
				ss:Color="#000000"/>		
			<Interior/>
			<NumberFormat/>
			<Protection/>
		</Style>
		
		<Style ss:ID="s62">
			<Alignment ss:Horizontal="Center" ss:Vertical="Center"/>
			<Interior ss:Color="#A2BD90" ss:Pattern="Solid"/>
		</Style>
  
		<Style ss:ID="s63">
			<Alignment ss:Horizontal="Center" ss:Vertical="Center"/>
			<Interior ss:Color="#FFCC99" ss:Pattern="Solid"/>
		</Style>
  
		<Style ss:ID="s64">
			<Font 
				ss:FontName="メイリオ" 
				x:CharSet="128" 
				x:Family="Swiss" 
				ss:Size="12"
				ss:Color="#FFFFFF"/>
			<Interior ss:Color="#003366" ss:Pattern="Solid"/>
		</Style>
  
		<Style ss:ID="s65">
			<Font 
				ss:FontName="メイリオ" 
				x:CharSet="128" 
				x:Family="Swiss" 
				ss:Size="12"
				ss:Color="#FFFFFF"/>
			<Interior ss:Color="#003366" ss:Pattern="Solid"/>
			<NumberFormat ss:Format="#,##0_ "/>
		</Style>
  
		<Style ss:ID="s66">
			<Font 
				ss:FontName="メイリオ" 
				x:CharSet="128" 
				x:Family="Swiss" 
				ss:Size="12"
				ss:Color="#FFFFFF"/>
			<Interior ss:Color="#90713A" ss:Pattern="Solid"/>
			<NumberFormat ss:Format="&quot;¥&quot;#,##0;&quot;¥&quot;\-#,##0"/>
		</Style>
  
		<Style ss:ID="s67">
			<NumberFormat ss:Format="#,##0_ "/>
		</Style>
  
	</Styles>
 
	<Worksheet ss:Name="Inventory">
        <!--#4deval ALL RECORDS:C47([Inventory])-->
		<Table
			ss:ExpandedColumnCount="5" 
			ss:ExpandedRowCount="<!--#4dtext Records in selection([Inventory])+1-->" 
			x:FullColumns="1"
			x:FullRows="1" 
			ss:DefaultColumnWidth="77" 
			ss:DefaultRowHeight="18">
			
			<Column ss:AutoFitWidth="0" ss:Width="113"/>
			<Column ss:AutoFitWidth="0" ss:Width="227"/>
			<Column ss:AutoFitWidth="0" ss:Width="113"/>
			<Column ss:AutoFitWidth="0" ss:Width="57"/>
			<Column ss:AutoFitWidth="0" ss:Width="113"/>
   
			<Row ss:AutoFitHeight="0">
				<Cell ss:StyleID="s62"><Data ss:Type="String"><!--#4dhtml Field name:C257(1;1)--></Data></Cell>
				<Cell ss:StyleID="s62"><Data ss:Type="String"><!--#4dhtml Field name:C257(1;2)--></Data></Cell>
				<Cell ss:StyleID="s62"><Data ss:Type="String"><!--#4dhtml Field name:C257(1;3)--></Data></Cell>
				<Cell ss:StyleID="s63"><Data ss:Type="String">count</Data></Cell>
				<Cell ss:StyleID="s63"><Data ss:Type="String">amount</Data></Cell>
			</Row>
   
			<!--#4dloop [Inventory]-->
			<Row ss:AutoFitHeight="0">
			<Cell><Data ss:Type="Number"><!--#4dhtml [Inventory]product--></Data></Cell>
			<Cell ss:StyleID="s64" ss:Formula="=VLOOKUP(RC[-1],Product!R2C1:R21C3,2,FALSE)"><Data
			ss:Type="String"></Data></Cell>
			<Cell ss:StyleID="s65" ss:Formula="=VLOOKUP(RC[-2],Product!R2C1:R21C3,3,FALSE)"><Data
			ss:Type="Number"></Data></Cell>
			<Cell><Data ss:Type="Number"><!--#4dhtml [Inventory]count--></Data></Cell>
			<Cell ss:StyleID="s66" ss:Formula="=RC[-2]*RC[-1]"><Data ss:Type="Number"></Data></Cell>
			</Row>
			<!--#4dendloop-->   
   
		</Table>
  
		<WorksheetOptions xmlns="urn:schemas-microsoft-com:office:excel">
			<PageSetup>
				<Header x:Margin="0.3"/>
				<Footer x:Margin="0.3"/>
				<PageMargins x:Bottom="0.75" x:Left="0.7" x:Right="0.7" x:Top="0.75"/>
			</PageSetup>
			<Unsynced/>
			<Print>
				<ValidPrinterInfo/>
				<PaperSizeIndex>9</PaperSizeIndex>
				<HorizontalResolution>-4</HorizontalResolution>
				<VerticalResolution>-4</VerticalResolution>
			</Print>
			<PageLayoutZoom>0</PageLayoutZoom>
			<Selected/>
			<ProtectObjects>False</ProtectObjects>
			<ProtectScenarios>False</ProtectScenarios>
		</WorksheetOptions>
  
	</Worksheet>
 
	<Worksheet ss:Name="Product">
		<!--#4deval ALL RECORDS:C47([Product])-->
		<Table 
			ss:ExpandedColumnCount="5" 
			ss:ExpandedRowCount="<!--#4dtext Records in selection([Product])+1-->" 
			x:FullColumns="1"
			x:FullRows="1" 
			ss:DefaultColumnWidth="77" 
			ss:DefaultRowHeight="18">
		
			<Column ss:AutoFitWidth="0" ss:Width="113"/>
			<Column ss:AutoFitWidth="0" ss:Width="227"/>
			<Column ss:AutoFitWidth="0" ss:Width="113"/>
			<Column ss:AutoFitWidth="0" ss:Width="57"/>
			<Column ss:AutoFitWidth="0" ss:Width="113"/>
	   
			<Row ss:AutoFitHeight="0">
				<Cell ss:StyleID="s62"><Data ss:Type="String"><!--#4dhtml Field name:C257(1;1)--></Data></Cell>
				<Cell ss:StyleID="s62"><Data ss:Type="String"><!--#4dhtml Field name:C257(1;2)--></Data></Cell>
				<Cell ss:StyleID="s62"><Data ss:Type="String"><!--#4dhtml Field name:C257(1;3)--></Data></Cell>
			</Row>
	   
			<!--#4dloop [Product]-->
			<Row ss:AutoFitHeight="0">
				<Cell><Data ss:Type="Number"><!--#4dhtml [Product]id--></Data></Cell>
				<Cell><Data ss:Type="String"><!--#4dhtml [Product]name--></Data></Cell>
				<Cell ss:StyleID="s67"><Data ss:Type="Number"><!--#4dhtml [Product]price--></Data></Cell>
			</Row>
		   <!--#4dendloop-->
		   
		</Table>
		
		<WorksheetOptions xmlns="urn:schemas-microsoft-com:office:excel">

			<PageSetup>
				<Header x:Margin="0.3"/>
				<Footer x:Margin="0.3"/>
				<PageMargins x:Bottom="0.75" x:Left="0.7" x:Right="0.7" x:Top="0.75"/>
			</PageSetup>
		   
			<Unsynced/>
		   
			<Print>
				<ValidPrinterInfo/>
				<PaperSizeIndex>9</PaperSizeIndex>
				<HorizontalResolution>-4</HorizontalResolution>
				<VerticalResolution>-4</VerticalResolution>
			</Print>
		   
			<PageLayoutZoom>0</PageLayoutZoom>

			<Panes>
				<Pane>
					<Number>3</Number>
					<ActiveRow>26</ActiveRow>
					<ActiveCol>2</ActiveCol>
				</Pane>
			</Panes>
		   
			<ProtectObjects>False</ProtectObjects>
			<ProtectScenarios>False</ProtectScenarios>
		</WorksheetOptions>
	  
	</Worksheet>
	
</Workbook>
