<?xml version="1.0" encoding="UTF-8" standalone="yes"?>
<verifylog operation="Compact" name="twitter" structure="Macintosh HD:Users:miyako:Desktop:project-hiroshima-seminar:DEMO:8. twitter:twitter.4dbase:twitter.4DB" data="" os="Mac OS X (10.11.1)">
<start_timer time="2015-11-27T14:50:32+09:00"/>
<step title="メンテナンスモードでデータベースを開く">
</step>
<step title="圧縮">
	<step title="自動シーケンス番号定義を圧縮中">
	</step>
	<step title="データテーブルをロード中">
		<step title="データテーブルヘッダーを圧縮中">
		</step>
	</step>
	<step title="テーブル Resources のBLOBを圧縮中">
	</step>
	<step title="テーブル Resources のレコードを圧縮中">
		<step title="テーブル Resources の削除されたレコードのリストをチェック中">
		</step>
	</step>
	<step title="テーブル [Table#0] のBLOBを圧縮中">
	</step>
	<step title="テーブル [Table#0] のレコードを圧縮中">
		<step title="テーブル [Table#0] の削除されたレコードのリストをチェック中">
		</step>
	</step>
	<step title="インデックス定義を圧縮中">
		<step title="インデックスBツリー インデックス0 on kind (TYPE only)を圧縮中">
			<step title="Bツリー インデックス0 on kind (TYPE only) のインデックスページアドレスを圧縮中">
			</step>
			<step title="Bツリー インデックス0 on kind (TYPE only) のインデックスページを圧縮中">
			</step>
		</step>
		<step title="インデックスBツリー インデックス1 on stamp (stamp)を圧縮中">
			<step title="Bツリー インデックス1 on stamp (stamp) のインデックスページアドレスを圧縮中">
			</step>
			<step title="Bツリー インデックス1 on stamp (stamp) のインデックスページを圧縮中">
			</step>
		</step>
		<step title="インデックスBツリー インデックス2 on kind , id (TYPE and ID)を圧縮中">
			<step title="Bツリー インデックス2 on kind , id (TYPE and ID) のインデックスページアドレスを圧縮中">
			</step>
			<step title="Bツリー インデックス2 on kind , id (TYPE and ID) の削除されたインデックスページのリストを圧縮中">
			</step>
			<step title="Bツリー インデックス2 on kind , id (TYPE and ID) のインデックスページを圧縮中">
			</step>
		</step>
	</step>
	<step title="データテーブル定義を圧縮中">
	</step>
	<step title="バックアップインデックス定義を圧縮中">
	</step>
	<step title="以前のファイルをバックアップに移動">
<move from="Macintosh HD:Users:miyako:Desktop:project-hiroshima-seminar:DEMO:8. twitter:twitter.4dbase:twitter.4DB" to="Macintosh HD:Users:miyako:Desktop:project-hiroshima-seminar:DEMO:8. twitter:twitter.4dbase:Replaced Files (Compacting) 2015-11-27 14-50-32:twitter.4DB">
</move>	</step>
	<step title="新しいファイルをデータベースフォルダに作成">
<move from="Macintosh HD:Users:miyako:Desktop:project-hiroshima-seminar:DEMO:8. twitter:twitter.4dbase:Replaced Files (Compacting) 2015-11-27 14-50-32:_twitter_compacted.4DB" to="Macintosh HD:Users:miyako:Desktop:project-hiroshima-seminar:DEMO:8. twitter:twitter.4dbase:twitter.4DB">
</move>	</step>
	<step title="以前のインデックスファイルをバックアップに移動">
<move from="Macintosh HD:Users:miyako:Desktop:project-hiroshima-seminar:DEMO:8. twitter:twitter.4dbase:twitter.4DIndy" to="Macintosh HD:Users:miyako:Desktop:project-hiroshima-seminar:DEMO:8. twitter:twitter.4dbase:Replaced Files (Compacting) 2015-11-27 14-50-32:twitter.4DIndy">
</move>	</step>
	<step title="新しいインデックスファイルをデータベースフォルダに作成">
<move from="Macintosh HD:Users:miyako:Desktop:project-hiroshima-seminar:DEMO:8. twitter:twitter.4dbase:Replaced Files (Compacting) 2015-11-27 14-50-32:_twitter_compacted.4DIndy" to="Macintosh HD:Users:miyako:Desktop:project-hiroshima-seminar:DEMO:8. twitter:twitter.4dbase:twitter.4DIndy">
</move>	</step>
</step>
<stop_timer time="2015-11-27T14:50:32+09:00" success="true" user_canceled="false"/>
</verifylog>
