<?xml version="1.0" encoding="UTF-8" standalone="yes"?>
<verifylog operation="Compact" name="VLOOKUP" structure="Macintosh HD:Users:miyako:Desktop:HIROSHIMA:VLOOKUP.4dbase:VLOOKUP.4DB" data="Macintosh HD:Users:miyako:Desktop:HIROSHIMA:VLOOKUP.4dbase:VLOOKUP.4DD" os="Mac OS X (10.11.1)">
<start_timer time="2015-11-27T01:40:07+09:00"/>
<step title="メンテナンスモードでデータベースを開く">
</step>
<step title="圧縮">
	<step title="自動シーケンス番号定義を圧縮中">
	</step>
	<step title="データテーブルをロード中">
		<step title="データテーブルヘッダーを圧縮中">
		</step>
	</step>
	<step title="テーブル Resources のBLOBを圧縮中">
	</step>
	<step title="テーブル Resources のレコードを圧縮中">
		<step title="テーブル Resources の削除されたレコードのリストをチェック中">
		</step>
	</step>
	<step title="テーブル [Table#0] のBLOBを圧縮中">
	</step>
	<step title="テーブル [Table#0] のレコードを圧縮中">
		<step title="テーブル [Table#0] の削除されたレコードのリストをチェック中">
		</step>
	</step>
	<step title="インデックス定義を圧縮中">
		<step title="インデックスBツリー インデックス0 on kind (TYPE only)を圧縮中">
			<step title="Bツリー インデックス0 on kind (TYPE only) のインデックスページアドレスを圧縮中">
			</step>
			<step title="Bツリー インデックス0 on kind (TYPE only) のインデックスページを圧縮中">
			</step>
		</step>
		<step title="インデックスBツリー インデックス1 on stamp (stamp)を圧縮中">
			<step title="Bツリー インデックス1 on stamp (stamp) のインデックスページアドレスを圧縮中">
			</step>
			<step title="Bツリー インデックス1 on stamp (stamp) のインデックスページを圧縮中">
			</step>
		</step>
		<step title="インデックスBツリー インデックス2 on kind , id (TYPE and ID)を圧縮中">
			<step title="Bツリー インデックス2 on kind , id (TYPE and ID) のインデックスページアドレスを圧縮中">
			</step>
			<step title="Bツリー インデックス2 on kind , id (TYPE and ID) のインデックスページを圧縮中">
			</step>
		</step>
	</step>
	<step title="自動シーケンス番号定義を圧縮中">
	</step>
	<step title="データテーブル定義を圧縮中">
	</step>
	<step title="データテーブル定義を圧縮中">
	</step>
	<step title="リレーション定義を圧縮中">
	</step>
	<step title="バックアップインデックス定義を圧縮中">
	</step>
	<step title="データテーブルをロード中">
		<step title="データテーブルヘッダーを圧縮中">
		</step>
	</step>
	<step title="テーブル Product のBLOBを圧縮中">
	</step>
	<step title="テーブル Product のレコードを圧縮中">
		<step title="テーブル Product の削除されたレコードのリストをチェック中">
		</step>
	</step>
	<step title="テーブル Inventory のBLOBを圧縮中">
	</step>
	<step title="テーブル Inventory のレコードを圧縮中">
		<step title="テーブル Inventory の削除されたレコードのリストをチェック中">
		</step>
	</step>
	<step title="インデックス定義を圧縮中">
		<step title="インデックスクラスターインデックス0 on Inventory.productを圧縮中">
			<step title="クラスターインデックス0 on Inventory.product のインデックスページアドレスを圧縮中">
			</step>
			<step title="クラスターインデックス0 on Inventory.product のクラスターを圧縮中">
			</step>
			<step title="クラスターインデックス0 on Inventory.product のインデックスページを圧縮中">
			</step>
		</step>
		<step title="インデックスBツリー インデックス1 on Product.idを圧縮中">
			<step title="Bツリー インデックス1 on Product.id のインデックスページアドレスを圧縮中">
			</step>
			<step title="Bツリー インデックス1 on Product.id のインデックスページを圧縮中">
			</step>
		</step>
		<step title="インデックスBツリー インデックス2 on Inventory.idを圧縮中">
			<step title="Bツリー インデックス2 on Inventory.id のインデックスページアドレスを圧縮中">
			</step>
			<step title="Bツリー インデックス2 on Inventory.id のインデックスページを圧縮中">
			</step>
		</step>
	</step>
	<step title="以前のファイルをバックアップに移動">
<move from="Macintosh HD:Users:miyako:Desktop:HIROSHIMA:VLOOKUP.4dbase:VLOOKUP.4DD" to="Macintosh HD:Users:miyako:Desktop:HIROSHIMA:VLOOKUP.4dbase:Replaced Files (Compacting) 2015-11-27 01-40-07:VLOOKUP.4DD">
</move>	</step>
	<step title="新しいファイルをデータベースフォルダに作成">
<move from="Macintosh HD:Users:miyako:Desktop:HIROSHIMA:VLOOKUP.4dbase:Replaced Files (Compacting) 2015-11-27 01-40-07:_VLOOKUP.4DD" to="Macintosh HD:Users:miyako:Desktop:HIROSHIMA:VLOOKUP.4dbase:VLOOKUP.4DD">
</move>	</step>
	<step title="以前のインデックスファイルをバックアップに移動">
<move from="Macintosh HD:Users:miyako:Desktop:HIROSHIMA:VLOOKUP.4dbase:VLOOKUP.4DIndx" to="Macintosh HD:Users:miyako:Desktop:HIROSHIMA:VLOOKUP.4dbase:Replaced Files (Compacting) 2015-11-27 01-40-07:VLOOKUP.4DIndx">
</move>	</step>
	<step title="新しいインデックスファイルをデータベースフォルダに作成">
<move from="Macintosh HD:Users:miyako:Desktop:HIROSHIMA:VLOOKUP.4dbase:Replaced Files (Compacting) 2015-11-27 01-40-07:_VLOOKUP.4DIndx" to="Macintosh HD:Users:miyako:Desktop:HIROSHIMA:VLOOKUP.4dbase:VLOOKUP.4DIndx">
</move>	</step>
</step>
<stop_timer time="2015-11-27T01:40:07+09:00" success="true" user_canceled="false"/>
</verifylog>
