<?xml version="1.0" encoding="UTF-8" standalone="no" ?>

<!DOCTYPE macros SYSTEM "http://www.4d.com/dtd/2007/macros.dtd" >

<macros>

	<macro 
		in_menu =			"false" 
		method_event =		""
		name =				"Map Form Event" 
		type_ahead =		"true"
		type_ahead_text =	"mapformevent"
		version =			"2"><text><method>Map_Macro</method></text>
	</macro>
	
	<macro 
		in_menu =			"false" 
		method_event =		""
		name =				"Department Form Event" 
		type_ahead =		"true"
		type_ahead_text =	"departmentformevent"
		version =			"2"><text><method>Deparment_Macro</method></text>
	</macro>
		
</macros>